year,country,display_country,departures,rank
2014-15,"UK, CIs & IOM",UK,24520,1
2014-15,China,China,23220,2
2014-15,New Zealand,New Zealand,22370,3
2014-15,India,India,11410,4
2014-15,"Korea, South",Korea South,9400,5
2014-15,USA,USA,9170,6
2014-15,Malaysia,Malaysia,7220,7
2014-15,Japan,Japan,5070,8
2014-15,Indonesia,Indonesia,4860,9
2014-15,Philippines,Philippines,3350,10
2015-16,China,China,24710,1
2015-16,"UK, CIs & IOM",UK,23640,2
2015-16,New Zealand,New Zealand,22740,3
2015-16,India,India,11160,4
2015-16,USA,USA,9920,5
2015-16,"Korea, South",Korea South,9030,6
2015-16,Malaysia,Malaysia,7160,7
2015-16,Japan,Japan,5350,8
2015-16,Indonesia,Indonesia,4500,9
2015-16,Philippines,Philippines,3430,10
2016-17,China,China,27740,1
2016-17,"UK, CIs & IOM",UK,22620,2
2016-17,New Zealand,New Zealand,20820,3
2016-17,India,India,10580,4
2016-17,USA,USA,9130,5
2016-17,"Korea, South",Korea South,8890,6
2016-17,Malaysia,Malaysia,7960,7
2016-17,Japan,Japan,5450,8
2016-17,Indonesia,Indonesia,4470,9
2016-17,Philippines,Philippines,3530,10
2017-18,China,China,37710,1
2017-18,"UK, CIs & IOM",UK,21920,2
2017-18,New Zealand,New Zealand,18270,3
2017-18,India,India,11580,4
2017-18,USA,USA,10020,5
2017-18,Malaysia,Malaysia,9460,6
2017-18,"Korea, South",Korea South,9420,7
2017-18,Japan,Japan,6350,8
2017-18,Indonesia,Indonesia,4450,9
2017-18,Philippines,Philippines,3750,10
2018-19,China,China,51640,1
2018-19,"UK, CIs & IOM",UK,21860,2
2018-19,New Zealand,New Zealand,17630,3
2018-19,India,India,13160,4
2018-19,Malaysia,Malaysia,10790,5
2018-19,"Korea, South",Korea South,10190,6
2018-19,USA,USA,10040,7
2018-19,Japan,Japan,6270,8
2018-19,Indonesia,Indonesia,4870,9
2018-19,Philippines,Philippines,4380,10
2019-20,China,China,78740,1
2019-20,India,India,19020,2
2019-20,"UK, CIs & IOM",UK,17000,3
2019-20,New Zealand,New Zealand,16010,4
2019-20,"Korea, South",Korea South,10910,5
2019-20,Malaysia,Malaysia,9030,6
2019-20,USA,USA,8500,7
2019-20,Japan,Japan,6380,8
2019-20,Indonesia,Indonesia,5120,9
2019-20,Philippines,Philippines,4110,10
2020-21,China,China,59540,1
2020-21,India,India,21830,2
2020-21,New Zealand,New Zealand,14150,3
2020-21,"UK, CIs & IOM",UK,10810,4
2020-21,Malaysia,Malaysia,6430,5
2020-21,"Korea, South",Korea South,5850,6
2020-21,USA,USA,4660,7
2020-21,Indonesia,Indonesia,4030,8
2020-21,Japan,Japan,3060,9
2020-21,Philippines,Philippines,2830,10
2021-22,China,China,29180,1
2021-22,India,India,20720,2
2021-22,"UK, CIs & IOM",UK,14590,3
2021-22,New Zealand,New Zealand,10900,4
2021-22,USA,USA,5260,5
2021-22,Malaysia,Malaysia,4430,6
2021-22,Philippines,Philippines,4400,7
2021-22,"Korea, South",Korea South,4310,8
2021-22,Indonesia,Indonesia,3330,9
2021-22,Japan,Japan,2640,10
2022-23,China,China,22650,1
2022-23,India,India,13080,2
2022-23,"UK, CIs & IOM",UK,12070,3
2022-23,New Zealand,New Zealand,11920,4
2022-23,Malaysia,Malaysia,4370,5
2022-23,USA,USA,4340,6
2022-23,Philippines,Philippines,3790,7
2022-23,"Korea, South",Korea South,3450,8
2022-23,Indonesia,Indonesia,2870,9
2022-23,Japan,Japan,2670,10
2023-24,China,China,27830,1
2023-24,India,India,15790,2
2023-24,"UK, CIs & IOM",UK,13990,3
2023-24,New Zealand,New Zealand,10690,4
2023-24,"Korea, South",Korea South,5290,5
2023-24,Japan,Japan,4980,6
2023-24,USA,USA,4670,7
2023-24,Philippines,Philippines,4450,8
2023-24,Malaysia,Malaysia,4310,9
2023-24,Indonesia,Indonesia,3660,10
2024-25,China,China,34700,1
2024-25,India,India,17130,2
2024-25,"UK, CIs & IOM",UK,14550,3
2024-25,New Zealand,New Zealand,10730,4
2024-25,Japan,Japan,6500,5
2024-25,Philippines,Philippines,6120,6
2024-25,"Korea, South",Korea South,6110,7
2024-25,Indonesia,Indonesia,4850,8
2024-25,Malaysia,Malaysia,4620,9
2024-25,USA,USA,4350,10
